vehicle_id,from_grid_id,to_grid_id,distance_km,travel_time_min
truck_01,DEPOT,1000m_r005_c008__v04,0,0
truck_01,1000m_r005_c008__v04,1000m_r005_c007__v01,0.998845948647299,2.72412531449263
truck_01,1000m_r005_c007__v01,1000m_r005_c006__v01,0.99884594864584,2.72412531448865
truck_01,1000m_r005_c006__v01,1000m_r005_c005__v01,0.998845948647299,2.72412531449263
truck_01,1000m_r005_c005__v01,1000m_r005_c004__v01,0.998845948647299,2.72412531449263
truck_01,1000m_r005_c004__v01,1000m_r004_c004__v01,0.998877831778375,2.72421226848648
truck_01,1000m_r004_c004__v01,1000m_r003_c004__v02,0.99887783177798,2.7242122684854
truck_01,1000m_r003_c004__v02,1000m_r004_c004__v01,0.99887783177798,2.7242122684854
truck_01,1000m_r004_c004__v01,1000m_r004_c003__v01,0.998910930071891,2.7243025365597
truck_01,1000m_r004_c003__v01,1000m_r005_c002__v01,1.41262700755185,3.85261911150505
truck_01,1000m_r005_c002__v01,1000m_r005_c001__v01,0.998845948647299,2.72412531449263
truck_01,1000m_r005_c001__v01,1000m_r005_c002__v01,0.998845948647299,2.72412531449263
truck_01,1000m_r005_c002__v01,1000m_r005_c003__v01,0.99884594864584,2.72412531448865
truck_01,1000m_r005_c003__v01,1000m_r005_c004__v01,0.998845948647299,2.72412531449263
truck_01,1000m_r005_c004__v01,1000m_r005_c005__v01,0.998845948647299,2.72412531449263
truck_01,1000m_r005_c005__v01,1000m_r005_c006__v01,0.998845948647299,2.72412531449263
truck_01,1000m_r005_c006__v01,1000m_r006_c006__v01,0.99887783177798,2.7242122684854
truck_01,1000m_r006_c006__v01,1000m_r006_c007__v01,0.998780942668119,2.72394802545851
truck_01,1000m_r006_c007__v01,1000m_r006_c008__v01,0.998780942669578,2.72394802546249
truck_01,1000m_r006_c008__v01,1000m_r006_c009__v04,0.998780942669578,2.72394802546249
truck_01,1000m_r006_c009__v04,1000m_r006_c009__v01,0,0
truck_01,1000m_r006_c009__v01,1000m_r007_c009__v02,0.99887783177798,2.7242122684854
truck_01,1000m_r007_c009__v02,1000m_r006_c009__v01,0.99887783177798,2.7242122684854
truck_01,1000m_r006_c009__v01,1000m_r006_c009__v05,0,0
truck_01,1000m_r006_c009__v05,1000m_r006_c008__v01,0.998780942669578,2.72394802546249
truck_01,1000m_r006_c008__v01,1000m_r006_c007__v01,0.998780942669578,2.72394802546249
truck_01,1000m_r006_c007__v01,1000m_r005_c007__v01,0.99887783177798,2.7242122684854
truck_01,1000m_r005_c007__v01,DEPOT,0.998845948647299,2.72412531449263
truck_01,DEPOT,1000m_r005_c009__v01,0.998845948647299,2.72412531449263
truck_01,1000m_r005_c009__v01,1000m_r004_c010__v01,1.41262700755185,3.85261911150505
truck_01,1000m_r004_c010__v01,1000m_r005_c009__v01,1.41262700755185,3.85261911150505
truck_01,1000m_r005_c009__v01,DEPOT,0.998845948647299,2.72412531449263
truck_02,DEPOT,1000m_r005_c007__v01,0.998845948647299,2.72412531449263
truck_02,1000m_r005_c007__v01,1000m_r004_c007__v01,0.998877831778375,2.72421226848648
truck_02,1000m_r004_c007__v01,1000m_r003_c007__v01,0.99887783177798,2.7242122684854
truck_02,1000m_r003_c007__v01,1000m_r002_c007__v01,0.99887783177798,2.7242122684854
truck_02,1000m_r002_c007__v01,1000m_r001_c007__v01,0.99887783177798,2.7242122684854
truck_02,1000m_r001_c007__v01,1000m_r001_c006__v01,0.999105727009459,2.72483380093489
truck_02,1000m_r001_c006__v01,1000m_r001_c006__v06,0,0
truck_02,1000m_r001_c006__v06,1000m_r001_c006__v01,0,0
truck_02,1000m_r001_c006__v01,1000m_r001_c007__v01,0.999105727009459,2.72483380093489
truck_02,1000m_r001_c007__v01,1000m_r001_c008__v01,0.999105727010919,2.72483380093887
truck_02,1000m_r001_c008__v01,1000m_r002_c009__v01,1.41276478259562,3.85299486162442
truck_02,1000m_r002_c009__v01,1000m_r003_c009__v01,0.99887783177798,2.7242122684854
truck_02,1000m_r003_c009__v01,1000m_r004_c010__v01,1.41267294843754,3.85274440482965
truck_02,1000m_r004_c010__v01,1000m_r005_c011__v01,1.41262700755288,3.85261911150786
truck_02,1000m_r005_c011__v01,1000m_r006_c011__v01,0.99887783177798,2.7242122684854
truck_02,1000m_r006_c011__v01,1000m_r007_c011__v01,0.99887783177798,2.7242122684854
truck_02,1000m_r007_c011__v01,1000m_r008_c012__v01,1.41248908970057,3.85224297191065
truck_02,1000m_r008_c012__v01,1000m_r008_c013__v04,0.998650857059682,2.7235932465264
truck_02,1000m_r008_c013__v04,1000m_r008_c013__v01,0,0
truck_02,1000m_r008_c013__v01,1000m_r009_c014__v01,1.41244308536176,3.85211750553206
truck_02,1000m_r009_c014__v01,1000m_r008_c014__v01,0.99887783177798,2.7242122684854
truck_02,1000m_r008_c014__v01,1000m_r008_c013__v01,0.998650857061141,2.72359324653038
truck_02,1000m_r008_c013__v01,1000m_r007_c013__v01,0.99887783177798,2.7242122684854
truck_02,1000m_r007_c013__v01,1000m_r007_c013__v03,0,0
truck_02,1000m_r007_c013__v03,1000m_r007_c012__v01,0.998715912138867,2.72377066946964
truck_02,1000m_r007_c012__v01,1000m_r006_c011__v01,1.41253507818063,3.85236839503809
truck_02,1000m_r006_c011__v01,1000m_r005_c011__v01,0.99887783177798,2.7242122684854
truck_02,1000m_r005_c011__v01,1000m_r004_c010__v01,1.41262700755288,3.85261911150786
truck_02,1000m_r004_c010__v01,1000m_r003_c009__v01,1.41267294843754,3.85274440482965
truck_02,1000m_r003_c009__v01,1000m_r002_c009__v01,0.99887783177798,2.7242122684854
truck_02,1000m_r002_c009__v01,1000m_r003_c009__v01,0.99887783177798,2.7242122684854
truck_02,1000m_r003_c009__v01,1000m_r004_c009__v01,0.99887783177798,2.7242122684854
truck_02,1000m_r004_c009__v01,DEPOT,1.41262700755288,3.85261911150786
truck_03,DEPOT,1000m_r005_c007__v01,0.998845948647299,2.72412531449263
truck_03,1000m_r005_c007__v01,1000m_r006_c007__v01,0.99887783177798,2.7242122684854
truck_03,1000m_r006_c007__v01,1000m_r007_c007__v01,0.99887783177798,2.7242122684854
truck_03,1000m_r007_c007__v01,1000m_r008_c007__v01,0.99887783177798,2.7242122684854
truck_03,1000m_r008_c007__v01,1000m_r008_c006__v01,0.998650857059682,2.7235932465264
truck_03,1000m_r008_c006__v01,1000m_r009_c006__v01,0.99887783177798,2.7242122684854
truck_03,1000m_r009_c006__v01,1000m_r008_c006__v01,0.99887783177798,2.7242122684854
truck_03,1000m_r008_c006__v01,1000m_r007_c006__v01,0.99887783177798,2.7242122684854
truck_03,1000m_r007_c006__v01,1000m_r007_c007__v01,0.998715912138867,2.72377066946964
truck_03,1000m_r007_c007__v01,1000m_r007_c008__v01,0.998715912140326,2.72377066947362
truck_03,1000m_r007_c008__v01,1000m_r007_c009__v01,0.998715912140326,2.72377066947362
truck_03,1000m_r007_c009__v01,1000m_r007_c008__v01,0.998715912140326,2.72377066947362
truck_03,1000m_r007_c008__v01,1000m_r007_c007__v01,0.998715912140326,2.72377066947362
truck_03,1000m_r007_c007__v01,1000m_r007_c006__v01,0.998715912138867,2.72377066946964
truck_03,1000m_r007_c006__v01,1000m_r007_c004__v01,1.99743182322199,5.44754133605998
truck_03,1000m_r007_c004__v01,1000m_r006_c003__v01,1.41253507818063,3.85236839503809
truck_03,1000m_r006_c003__v01,1000m_r005_c002__v01,1.41258105079794,3.85249377490346
truck_03,1000m_r005_c002__v01,1000m_r005_c001__v01,0.998845948647299,2.72412531449263
truck_03,1000m_r005_c001__v01,1000m_r004_c001__v01,0.998877831778375,2.72421226848648
truck_03,1000m_r004_c001__v01,1000m_r004_c002__v01,0.998910930071891,2.7243025365597
truck_03,1000m_r004_c002__v01,1000m_r005_c003__v01,1.41262700755185,3.85261911150505
truck_03,1000m_r005_c003__v01,1000m_r005_c004__v01,0.998845948647299,2.72412531449263
truck_03,1000m_r005_c004__v01,1000m_r005_c005__v01,0.998845948647299,2.72412531449263
truck_03,1000m_r005_c005__v01,1000m_r005_c006__v01,0.998845948647299,2.72412531449263
truck_03,1000m_r005_c006__v01,1000m_r005_c007__v01,0.99884594864584,2.72412531448865
truck_03,1000m_r005_c007__v01,DEPOT,0.998845948647299,2.72412531449263
truck_04,DEPOT,1000m_r005_c007__v01,0.998845948647299,2.72412531449263
truck_04,1000m_r005_c007__v01,1000m_r004_c007__v04,0.998877831778375,2.72421226848648
truck_04,1000m_r004_c007__v04,1000m_r005_c007__v01,0.998877831778375,2.72421226848648
truck_04,1000m_r005_c007__v01,1000m_r006_c007__v01,0.99887783177798,2.7242122684854
truck_04,1000m_r006_c007__v01,1000m_r007_c007__v01,0.99887783177798,2.7242122684854
truck_04,1000m_r007_c007__v01,1000m_r008_c007__v01,0.99887783177798,2.7242122684854
truck_04,1000m_r008_c007__v01,1000m_r008_c006__v02,0.998650857059682,2.7235932465264
truck_04,1000m_r008_c006__v02,1000m_r009_c007__v01,1.41244308536072,3.85211750552925
truck_04,1000m_r009_c007__v01,1000m_r009_c008__v01,0.998585777433622,2.72341575663715
truck_04,1000m_r009_c008__v01,1000m_r008_c009__v01,1.41244308536176,3.85211750553206
truck_04,1000m_r008_c009__v01,1000m_r007_c009__v01,0.99887783177798,2.7242122684854
truck_04,1000m_r007_c009__v01,1000m_r006_c009__v01,0.99887783177798,2.7242122684854
truck_04,1000m_r006_c009__v01,1000m_r006_c009__v03,0,0
truck_04,1000m_r006_c009__v03,1000m_r006_c008__v01,0.998780942669578,2.72394802546249
truck_04,1000m_r006_c008__v01,1000m_r007_c008__v01,0.99887783177798,2.7242122684854
truck_04,1000m_r007_c008__v01,1000m_r007_c007__v01,0.998715912140326,2.72377066947362
truck_04,1000m_r007_c007__v01,1000m_r007_c006__v01,0.998715912138867,2.72377066946964
truck_04,1000m_r007_c006__v01,1000m_r007_c005__v01,0.998715912140326,2.72377066947362
truck_04,1000m_r007_c005__v01,1000m_r007_c006__v01,0.998715912140326,2.72377066947362
truck_04,1000m_r007_c006__v01,1000m_r007_c007__v01,0.998715912138867,2.72377066946964
truck_04,1000m_r007_c007__v01,1000m_r006_c007__v01,0.99887783177798,2.7242122684854
truck_04,1000m_r006_c007__v01,1000m_r005_c007__v01,0.99887783177798,2.7242122684854
truck_04,1000m_r005_c007__v01,DEPOT,0.998845948647299,2.72412531449263
truck_05,DEPOT,1000m_r004_c009__v01,1.41262700755288,3.85261911150786
truck_05,1000m_r004_c009__v01,1000m_r003_c009__v01,0.99887783177798,2.7242122684854
truck_05,1000m_r003_c009__v01,1000m_r002_c009__v02,0.99887783177798,2.7242122684854
truck_05,1000m_r002_c009__v02,1000m_r001_c008__v01,1.41276478259562,3.85299486162442
truck_05,1000m_r001_c008__v01,1000m_r002_c008__v01,0.99887783177798,2.7242122684854
truck_05,1000m_r002_c008__v01,1000m_r002_c007__v01,0.999040819255297,2.72465677978717
truck_05,1000m_r002_c007__v01,1000m_r001_c007__v02,0.99887783177798,2.7242122684854
truck_05,1000m_r001_c007__v02,1000m_r002_c007__v01,0.99887783177798,2.7242122684854
truck_05,1000m_r002_c007__v01,1000m_r002_c008__v01,0.999040819255297,2.72465677978717
truck_05,1000m_r002_c008__v01,1000m_r002_c007__v01,0.999040819255297,2.72465677978717
truck_05,1000m_r002_c007__v01,1000m_r001_c007__v01,0.99887783177798,2.7242122684854
truck_05,1000m_r001_c007__v01,1000m_r001_c006__v01,0.999105727009459,2.72483380093489
truck_05,1000m_r001_c006__v01,1000m_r001_c006__v04,0,0
truck_05,1000m_r001_c006__v04,1000m_r001_c006__v01,0,0
truck_05,1000m_r001_c006__v01,1000m_r001_c007__v01,0.999105727009459,2.72483380093489
truck_05,1000m_r001_c007__v01,1000m_r001_c008__v01,0.999105727010919,2.72483380093887
truck_05,1000m_r001_c008__v01,1000m_r002_c009__v01,1.41276478259562,3.85299486162442
truck_05,1000m_r002_c009__v01,1000m_r003_c009__v01,0.99887783177798,2.7242122684854
truck_05,1000m_r003_c009__v01,1000m_r004_c010__v01,1.41267294843754,3.85274440482965
truck_05,1000m_r004_c010__v01,1000m_r005_c011__v01,1.41262700755288,3.85261911150786
truck_05,1000m_r005_c011__v01,1000m_r005_c012__v01,0.998845948647299,2.72412531449263
truck_05,1000m_r005_c012__v01,1000m_r005_c013__v01,0.99884594864584,2.72412531448865
truck_05,1000m_r005_c013__v01,1000m_r006_c013__v03,0.99887783177798,2.7242122684854
truck_05,1000m_r006_c013__v03,1000m_r005_c013__v01,0.99887783177798,2.7242122684854
truck_05,1000m_r005_c013__v01,1000m_r005_c012__v01,0.99884594864584,2.72412531448865
truck_05,1000m_r005_c012__v01,1000m_r005_c011__v01,0.998845948647299,2.72412531449263
truck_05,1000m_r005_c011__v01,1000m_r005_c010__v01,0.998845948647299,2.72412531449263
truck_05,1000m_r005_c010__v01,1000m_r005_c009__v01,0.99884594864584,2.72412531448865
truck_05,1000m_r005_c009__v01,DEPOT,0.998845948647299,2.72412531449263
truck_06,DEPOT,1000m_r005_c007__v01,0.998845948647299,2.72412531449263
truck_06,1000m_r005_c007__v01,1000m_r004_c007__v01,0.998877831778375,2.72421226848648
truck_06,1000m_r004_c007__v01,1000m_r003_c007__v01,0.99887783177798,2.7242122684854
truck_06,1000m_r003_c007__v01,1000m_r002_c007__v01,0.99887783177798,2.7242122684854
truck_06,1000m_r002_c007__v01,1000m_r001_c007__v01,0.99887783177798,2.7242122684854
truck_06,1000m_r001_c007__v01,1000m_r001_c006__v01,0.999105727009459,2.72483380093489
truck_06,1000m_r001_c006__v01,1000m_r001_c007__v01,0.999105727009459,2.72483380093489
truck_06,1000m_r001_c007__v01,1000m_r001_c008__v01,0.999105727010919,2.72483380093887
truck_06,1000m_r001_c008__v01,1000m_r002_c009__v01,1.41276478259562,3.85299486162442
truck_06,1000m_r002_c009__v01,1000m_r003_c009__v01,0.99887783177798,2.7242122684854
truck_06,1000m_r003_c009__v01,1000m_r004_c010__v01,1.41267294843754,3.85274440482965
truck_06,1000m_r004_c010__v01,1000m_r005_c011__v01,1.41262700755288,3.85261911150786
truck_06,1000m_r005_c011__v01,1000m_r006_c011__v01,0.99887783177798,2.7242122684854
truck_06,1000m_r006_c011__v01,1000m_r007_c011__v01,0.99887783177798,2.7242122684854
truck_06,1000m_r007_c011__v01,1000m_r008_c012__v01,1.41248908970057,3.85224297191065
truck_06,1000m_r008_c012__v01,1000m_r008_c013__v02,0.998650857059682,2.7235932465264
truck_06,1000m_r008_c013__v02,1000m_r009_c014__v01,1.41244308536176,3.85211750553206
truck_06,1000m_r009_c014__v01,1000m_r008_c013__v01,1.41244308536176,3.85211750553206
truck_06,1000m_r008_c013__v01,1000m_r008_c012__v01,0.998650857059682,2.7235932465264
truck_06,1000m_r008_c012__v01,1000m_r008_c011__v01,0.998650857061141,2.72359324653038
truck_06,1000m_r008_c011__v01,1000m_r008_c012__v01,0.998650857061141,2.72359324653038
truck_06,1000m_r008_c012__v01,1000m_r009_c012__v01,0.99887783177798,2.7242122684854
truck_06,1000m_r009_c012__v01,1000m_r008_c011__v01,1.41244308536176,3.85211750553206
truck_06,1000m_r008_c011__v01,1000m_r007_c011__v01,0.99887783177798,2.7242122684854
truck_06,1000m_r007_c011__v01,1000m_r006_c011__v01,0.99887783177798,2.7242122684854
truck_06,1000m_r006_c011__v01,1000m_r007_c011__v01,0.99887783177798,2.7242122684854
truck_06,1000m_r007_c011__v01,1000m_r007_c010__v01,0.998715912140326,2.72377066947362
truck_06,1000m_r007_c010__v01,1000m_r006_c010__v01,0.99887783177798,2.7242122684854
truck_06,1000m_r006_c010__v01,1000m_r005_c010__v01,0.99887783177798,2.7242122684854
truck_06,1000m_r005_c010__v01,1000m_r005_c009__v01,0.99884594864584,2.72412531448865
truck_06,1000m_r005_c009__v01,DEPOT,0.998845948647299,2.72412531449263
truck_07,DEPOT,1000m_r005_c007__v04,0.998845948647299,2.85384556756371
truck_07,1000m_r005_c007__v04,1000m_r005_c007__v01,0,0
truck_07,1000m_r005_c007__v01,1000m_r006_c007__v01,0.99887783177798,2.8539366622228
truck_07,1000m_r006_c007__v01,1000m_r006_c008__v01,0.998780942669578,2.8536598361988
truck_07,1000m_r006_c008__v01,1000m_r006_c009__v05,0.998780942669578,2.8536598361988
truck_07,1000m_r006_c009__v05,1000m_r006_c009__v01,0,0
truck_07,1000m_r006_c009__v01,1000m_r007_c009__v02,0.99887783177798,2.8539366622228
truck_07,1000m_r007_c009__v02,1000m_r008_c009__v01,0.99887783177798,2.8539366622228
truck_07,1000m_r008_c009__v01,1000m_r008_c008__v01,0.998650857061141,2.85328816303183
truck_07,1000m_r008_c008__v01,1000m_r007_c007__v01,1.41248908970057,4.03568311343021
truck_07,1000m_r007_c007__v01,1000m_r006_c007__v01,0.99887783177798,2.8539366622228
truck_07,1000m_r006_c007__v01,1000m_r005_c007__v01,0.99887783177798,2.8539366622228
truck_07,1000m_r005_c007__v01,1000m_r005_c007__v05,0,0
truck_07,1000m_r005_c007__v05,1000m_r005_c007__v01,0,0
truck_07,1000m_r005_c007__v01,1000m_r006_c007__v01,0.99887783177798,2.8539366622228
truck_07,1000m_r006_c007__v01,1000m_r007_c007__v01,0.99887783177798,2.8539366622228
truck_07,1000m_r007_c007__v01,1000m_r008_c007__v01,0.99887783177798,2.8539366622228
truck_07,1000m_r008_c007__v01,1000m_r007_c007__v01,0.99887783177798,2.8539366622228
truck_07,1000m_r007_c007__v01,1000m_r006_c007__v01,0.99887783177798,2.8539366622228
truck_07,1000m_r006_c007__v01,1000m_r005_c007__v01,0.99887783177798,2.8539366622228
truck_07,1000m_r005_c007__v01,DEPOT,0.998845948647299,2.85384556756371
truck_08,DEPOT,1000m_r005_c007__v01,0.998845948647299,2.85384556756371
truck_08,1000m_r005_c007__v01,1000m_r005_c006__v01,0.99884594864584,2.85384556755954
truck_08,1000m_r005_c006__v01,1000m_r005_c005__v01,0.998845948647299,2.85384556756371
truck_08,1000m_r005_c005__v01,1000m_r005_c004__v01,0.998845948647299,2.85384556756371
truck_08,1000m_r005_c004__v01,1000m_r006_c003__v01,1.41258105079897,4.03594585942562
truck_08,1000m_r006_c003__v01,1000m_r005_c002__v01,1.41258105079794,4.03594585942268
truck_08,1000m_r005_c002__v01,1000m_r005_c001__v01,0.998845948647299,2.85384556756371
truck_08,1000m_r005_c001__v01,1000m_r003_c000__v01,2.23357353250158,6.38163866429024
truck_08,1000m_r003_c000__v01,1000m_r005_c000__v01,1.99775566355636,5.70787332444673
truck_08,1000m_r005_c000__v01,1000m_r005_c001__v02,0.998845948647299,2.85384556756371
truck_08,1000m_r005_c001__v02,1000m_r005_c002__v01,0.998845948647299,2.85384556756371
truck_08,1000m_r005_c002__v01,1000m_r004_c003__v01,1.41262700755185,4.03607716443386
truck_08,1000m_r004_c003__v01,1000m_r004_c004__v01,0.998910930071891,2.85403122877683
truck_08,1000m_r004_c004__v01,1000m_r003_c004__v01,0.99887783177798,2.8539366622228
truck_08,1000m_r003_c004__v01,1000m_r003_c005__v01,0.998975886941755,2.85421681983359
truck_08,1000m_r003_c005__v01,1000m_r003_c005__v05,0,0
truck_08,1000m_r003_c005__v05,1000m_r003_c005__v01,0,0
truck_08,1000m_r003_c005__v01,1000m_r004_c005__v03,0.99887783177798,2.8539366622228
truck_08,1000m_r004_c005__v03,1000m_r004_c005__v01,0,0
truck_08,1000m_r004_c005__v01,1000m_r005_c005__v01,0.998877831778375,2.85393666222393
truck_08,1000m_r005_c005__v01,1000m_r005_c006__v01,0.998845948647299,2.85384556756371
truck_08,1000m_r005_c006__v01,1000m_r006_c006__v02,0.99887783177798,2.8539366622228
truck_08,1000m_r006_c006__v02,1000m_r006_c007__v01,0.998780942668119,2.85365983619463
truck_08,1000m_r006_c007__v01,1000m_r005_c007__v01,0.99887783177798,2.8539366622228
truck_08,1000m_r005_c007__v01,DEPOT,0.998845948647299,2.85384556756371
truck_09,DEPOT,1000m_r005_c007__v02,0.998845948647299,2.85384556756371
truck_09,1000m_r005_c007__v02,1000m_r006_c007__v01,0.99887783177798,2.8539366622228
truck_09,1000m_r006_c007__v01,1000m_r006_c008__v01,0.998780942669578,2.8536598361988
truck_09,1000m_r006_c008__v01,1000m_r006_c009__v01,0.998780942669578,2.8536598361988
truck_09,1000m_r006_c009__v01,1000m_r006_c010__v01,0.998780942668119,2.85365983619463
truck_09,1000m_r006_c010__v01,1000m_r005_c010__v01,0.99887783177798,2.8539366622228
truck_09,1000m_r005_c010__v01,1000m_r006_c010__v01,0.99887783177798,2.8539366622228
truck_09,1000m_r006_c010__v01,1000m_r006_c011__v01,0.998780942669578,2.8536598361988
truck_09,1000m_r006_c011__v01,1000m_r007_c012__v01,1.41253507818063,4.03581450908753
truck_09,1000m_r007_c012__v01,1000m_r007_c012__v02,0,0
truck_09,1000m_r007_c012__v02,1000m_r007_c013__v04,0.998715912138867,2.85347403468248
truck_09,1000m_r007_c013__v04,1000m_r007_c014__v01,0.998715912140326,2.85347403468665
truck_09,1000m_r007_c014__v01,1000m_r006_c015__v01,1.41253507818063,4.03581450908753
truck_09,1000m_r006_c015__v01,1000m_r005_c014__v01,1.41258105079897,4.03594585942562
truck_09,1000m_r005_c014__v01,1000m_r006_c014__v01,0.99887783177798,2.8539366622228
truck_09,1000m_r006_c014__v01,1000m_r007_c014__v01,0.99887783177798,2.8539366622228
truck_09,1000m_r007_c014__v01,1000m_r007_c013__v01,0.998715912140326,2.85347403468665
truck_09,1000m_r007_c013__v01,1000m_r007_c012__v01,0.998715912138867,2.85347403468248
truck_09,1000m_r007_c012__v01,1000m_r006_c011__v01,1.41253507818063,4.03581450908753
truck_09,1000m_r006_c011__v01,1000m_r006_c010__v01,0.998780942669578,2.8536598361988
truck_09,1000m_r006_c010__v01,1000m_r005_c010__v01,0.99887783177798,2.8539366622228
truck_09,1000m_r005_c010__v01,1000m_r005_c009__v01,0.99884594864584,2.85384556755954
truck_09,1000m_r005_c009__v01,DEPOT,0.998845948647299,2.85384556756371
truck_10,DEPOT,1000m_r005_c007__v01,0.998845948647299,2.85384556756371
truck_10,1000m_r005_c007__v01,1000m_r004_c007__v01,0.998877831778375,2.85393666222393
truck_10,1000m_r004_c007__v01,1000m_r003_c008__v01,1.41267294843857,4.0362084241102
truck_10,1000m_r003_c008__v01,1000m_r003_c009__v01,0.998975886941755,2.85421681983359
truck_10,1000m_r003_c009__v01,1000m_r004_c010__v01,1.41267294843754,4.03620842410725
truck_10,1000m_r004_c010__v01,1000m_r005_c011__v01,1.41262700755288,4.03607716443681
truck_10,1000m_r005_c011__v01,1000m_r005_c012__v01,0.998845948647299,2.85384556756371
truck_10,1000m_r005_c012__v01,1000m_r005_c013__v01,0.99884594864584,2.85384556755954
truck_10,1000m_r005_c013__v01,1000m_r004_c013__v01,0.998877831778375,2.85393666222393
truck_10,1000m_r004_c013__v01,1000m_r005_c013__v03,0.998877831778375,2.85393666222393
truck_10,1000m_r005_c013__v03,1000m_r006_c013__v02,0.99887783177798,2.8539366622228
truck_10,1000m_r006_c013__v02,1000m_r005_c013__v01,0.99887783177798,2.8539366622228
truck_10,1000m_r005_c013__v01,1000m_r005_c012__v01,0.99884594864584,2.85384556755954
truck_10,1000m_r005_c012__v01,1000m_r005_c011__v01,0.998845948647299,2.85384556756371
truck_10,1000m_r005_c011__v01,1000m_r005_c010__v01,0.998845948647299,2.85384556756371
truck_10,1000m_r005_c010__v01,1000m_r005_c009__v01,0.99884594864584,2.85384556755954
truck_10,1000m_r005_c009__v01,DEPOT,0.998845948647299,2.85384556756371
truck_11,DEPOT,1000m_r005_c009__v01,0.998845948647299,2.85384556756371
truck_11,1000m_r005_c009__v01,1000m_r005_c010__v01,0.99884594864584,2.85384556755954
truck_11,1000m_r005_c010__v01,1000m_r005_c011__v02,0.998845948647299,2.85384556756371
truck_11,1000m_r005_c011__v02,1000m_r006_c011__v01,0.99887783177798,2.8539366622228
truck_11,1000m_r006_c011__v01,1000m_r007_c012__v01,1.41253507818063,4.03581450908753
truck_11,1000m_r007_c012__v01,1000m_r007_c013__v01,0.998715912138867,2.85347403468248
truck_11,1000m_r007_c013__v01,1000m_r007_c015__v01,1.99743182322199,5.70694806634855
truck_11,1000m_r007_c015__v01,1000m_r006_c014__v01,1.41253507818063,4.03581450908753
truck_11,1000m_r006_c014__v01,1000m_r006_c013__v01,0.998780942669578,2.8536598361988
truck_11,1000m_r006_c013__v01,1000m_r005_c013__v01,0.99887783177798,2.8539366622228
truck_11,1000m_r005_c013__v01,1000m_r005_c012__v01,0.99884594864584,2.85384556755954
truck_11,1000m_r005_c012__v01,1000m_r005_c011__v01,0.998845948647299,2.85384556756371
truck_11,1000m_r005_c011__v01,1000m_r004_c010__v01,1.41262700755288,4.03607716443681
truck_11,1000m_r004_c010__v01,1000m_r003_c009__v01,1.41267294843754,4.03620842410725
truck_11,1000m_r003_c009__v01,1000m_r002_c009__v03,0.99887783177798,2.8539366622228
truck_11,1000m_r002_c009__v03,1000m_r003_c009__v01,0.99887783177798,2.8539366622228
truck_11,1000m_r003_c009__v01,1000m_r004_c009__v01,0.99887783177798,2.8539366622228
truck_11,1000m_r004_c009__v01,DEPOT,1.41262700755288,4.03607716443681
truck_12,DEPOT,1000m_r005_c008__v01,0,0
truck_12,1000m_r005_c008__v01,1000m_r005_c007__v01,0.998845948647299,2.85384556756371
truck_12,1000m_r005_c007__v01,1000m_r005_c006__v01,0.99884594864584,2.85384556755954
truck_12,1000m_r005_c006__v01,1000m_r005_c005__v01,0.998845948647299,2.85384556756371
truck_12,1000m_r005_c005__v01,1000m_r005_c004__v01,0.998845948647299,2.85384556756371
truck_12,1000m_r005_c004__v01,1000m_r005_c003__v01,0.998845948647299,2.85384556756371
truck_12,1000m_r005_c003__v01,1000m_r005_c004__v01,0.998845948647299,2.85384556756371
truck_12,1000m_r005_c004__v01,1000m_r005_c005__v01,0.998845948647299,2.85384556756371
truck_12,1000m_r005_c005__v01,1000m_r004_c005__v01,0.998877831778375,2.85393666222393
truck_12,1000m_r004_c005__v01,1000m_r005_c005__v01,0.998877831778375,2.85393666222393
truck_12,1000m_r005_c005__v01,1000m_r005_c004__v01,0.998845948647299,2.85384556756371
truck_12,1000m_r005_c004__v01,1000m_r005_c003__v01,0.998845948647299,2.85384556756371
truck_12,1000m_r005_c003__v01,1000m_r005_c002__v01,0.99884594864584,2.85384556755954
truck_12,1000m_r005_c002__v01,1000m_r007_c000__v01,2.82511612561291,8.07176035889404
truck_12,1000m_r007_c000__v01,1000m_r006_c000__v01,0.99887783177798,2.8539366622228
truck_12,1000m_r006_c000__v01,1000m_r005_c002__v01,2.23344355819161,6.38126730911889
truck_12,1000m_r005_c002__v01,1000m_r006_c003__v01,1.41258105079794,4.03594585942268
truck_12,1000m_r006_c003__v01,1000m_r007_c004__v01,1.41253507818063,4.03581450908753
truck_12,1000m_r007_c004__v01,1000m_r007_c006__v01,1.99743182322199,5.70694806634855
truck_12,1000m_r007_c006__v01,1000m_r007_c007__v01,0.998715912138867,2.85347403468248
truck_12,1000m_r007_c007__v01,1000m_r006_c007__v01,0.99887783177798,2.8539366622228
truck_12,1000m_r006_c007__v01,1000m_r005_c007__v01,0.99887783177798,2.8539366622228
truck_12,1000m_r005_c007__v01,DEPOT,0.998845948647299,2.85384556756371
truck_13,DEPOT,1000m_r005_c008__v02,0,0
truck_13,1000m_r005_c008__v02,1000m_r005_c007__v01,0.998845948647299,2.9965378459419
truck_13,1000m_r005_c007__v01,1000m_r005_c006__v01,0.99884594864584,2.99653784593752
truck_13,1000m_r005_c006__v01,1000m_r005_c005__v01,0.998845948647299,2.9965378459419
truck_13,1000m_r005_c005__v01,1000m_r005_c004__v01,0.998845948647299,2.9965378459419
truck_13,1000m_r005_c004__v01,1000m_r005_c003__v02,0.998845948647299,2.9965378459419
truck_13,1000m_r005_c003__v02,1000m_r005_c004__v03,0.998845948647299,2.9965378459419
truck_13,1000m_r005_c004__v03,1000m_r005_c005__v01,0.998845948647299,2.9965378459419
truck_13,1000m_r005_c005__v01,1000m_r004_c005__v01,0.998877831778375,2.99663349533513
truck_13,1000m_r004_c005__v01,1000m_r003_c005__v04,0.99887783177798,2.99663349533394
truck_13,1000m_r003_c005__v04,1000m_r004_c005__v01,0.99887783177798,2.99663349533394
truck_13,1000m_r004_c005__v01,1000m_r005_c005__v01,0.998877831778375,2.99663349533513
truck_13,1000m_r005_c005__v01,1000m_r005_c006__v01,0.998845948647299,2.9965378459419
truck_13,1000m_r005_c006__v01,1000m_r005_c007__v06,0.99884594864584,2.99653784593752
truck_13,1000m_r005_c007__v06,1000m_r005_c006__v01,0.99884594864584,2.99653784593752
truck_13,1000m_r005_c006__v01,1000m_r005_c005__v01,0.998845948647299,2.9965378459419
truck_13,1000m_r005_c005__v01,1000m_r004_c005__v01,0.998877831778375,2.99663349533513
truck_13,1000m_r004_c005__v01,1000m_r003_c005__v01,0.99887783177798,2.99663349533394
truck_13,1000m_r003_c005__v01,1000m_r004_c005__v01,0.99887783177798,2.99663349533394
truck_13,1000m_r004_c005__v01,1000m_r005_c005__v01,0.998877831778375,2.99663349533513
truck_13,1000m_r005_c005__v01,1000m_r005_c006__v01,0.998845948647299,2.9965378459419
truck_13,1000m_r005_c006__v01,1000m_r005_c007__v01,0.99884594864584,2.99653784593752
truck_13,1000m_r005_c007__v01,DEPOT,0.998845948647299,2.9965378459419
truck_14,DEPOT,1000m_r005_c009__v01,0.998845948647299,2.9965378459419
truck_14,1000m_r005_c009__v01,1000m_r005_c010__v01,0.99884594864584,2.99653784593752
truck_14,1000m_r005_c010__v01,1000m_r005_c011__v01,0.998845948647299,2.9965378459419
truck_14,1000m_r005_c011__v01,1000m_r005_c012__v01,0.998845948647299,2.9965378459419
truck_14,1000m_r005_c012__v01,1000m_r005_c013__v02,0.99884594864584,2.99653784593752
truck_14,1000m_r005_c013__v02,1000m_r006_c013__v01,0.99887783177798,2.99663349533394
truck_14,1000m_r006_c013__v01,1000m_r005_c013__v01,0.99887783177798,2.99663349533394
truck_14,1000m_r005_c013__v01,1000m_r005_c013__v05,0,0
truck_14,1000m_r005_c013__v05,1000m_r005_c013__v01,0,0
truck_14,1000m_r005_c013__v01,1000m_r006_c013__v01,0.99887783177798,2.99663349533394
truck_14,1000m_r006_c013__v01,1000m_r006_c014__v01,0.998780942669578,2.99634282800873
truck_14,1000m_r006_c014__v01,1000m_r007_c014__v01,0.99887783177798,2.99663349533394
truck_14,1000m_r007_c014__v01,1000m_r008_c014__v01,0.99887783177798,2.99663349533394
truck_14,1000m_r008_c014__v01,1000m_r008_c013__v01,0.998650857061141,2.99595257118342
truck_14,1000m_r008_c013__v01,1000m_r007_c013__v01,0.99887783177798,2.99663349533394
truck_14,1000m_r007_c013__v01,1000m_r007_c013__v02,0,0
truck_14,1000m_r007_c013__v02,1000m_r007_c014__v01,0.998715912140326,2.99614773642098
truck_14,1000m_r007_c014__v01,1000m_r007_c013__v01,0.998715912140326,2.99614773642098
truck_14,1000m_r007_c013__v01,1000m_r007_c012__v01,0.998715912138867,2.9961477364166
truck_14,1000m_r007_c012__v01,1000m_r006_c011__v01,1.41253507818063,4.2376052345419
truck_14,1000m_r006_c011__v01,1000m_r006_c010__v01,0.998780942669578,2.99634282800873
truck_14,1000m_r006_c010__v01,1000m_r005_c010__v01,0.99887783177798,2.99663349533394
truck_14,1000m_r005_c010__v01,1000m_r005_c009__v01,0.99884594864584,2.99653784593752
truck_14,1000m_r005_c009__v01,DEPOT,0.998845948647299,2.9965378459419
truck_15,DEPOT,1000m_r005_c009__v01,0.998845948647299,2.9965378459419
truck_15,1000m_r005_c009__v01,1000m_r005_c010__v01,0.99884594864584,2.99653784593752
truck_15,1000m_r005_c010__v01,1000m_r005_c011__v01,0.998845948647299,2.9965378459419
truck_15,1000m_r005_c011__v01,1000m_r005_c012__v01,0.998845948647299,2.9965378459419
truck_15,1000m_r005_c012__v01,1000m_r005_c013__v04,0.99884594864584,2.99653784593752
truck_15,1000m_r005_c013__v04,1000m_r005_c012__v01,0.99884594864584,2.99653784593752
truck_15,1000m_r005_c012__v01,1000m_r005_c011__v01,0.998845948647299,2.9965378459419
truck_15,1000m_r005_c011__v01,1000m_r006_c011__v01,0.99887783177798,2.99663349533394
truck_15,1000m_r006_c011__v01,1000m_r007_c010__v01,1.41253507818063,4.2376052345419
truck_15,1000m_r007_c010__v01,1000m_r007_c009__v01,0.998715912138867,2.9961477364166
truck_15,1000m_r007_c009__v01,1000m_r008_c009__v01,0.99887783177798,2.99663349533394
truck_15,1000m_r008_c009__v01,1000m_r007_c009__v04,0.99887783177798,2.99663349533394
truck_15,1000m_r007_c009__v04,1000m_r007_c008__v01,0.998715912140326,2.99614773642098
truck_15,1000m_r007_c008__v01,1000m_r007_c007__v01,0.998715912140326,2.99614773642098
truck_15,1000m_r007_c007__v01,1000m_r007_c006__v02,0.998715912138867,2.9961477364166
truck_15,1000m_r007_c006__v02,1000m_r007_c007__v01,0.998715912138867,2.9961477364166
truck_15,1000m_r007_c007__v01,1000m_r006_c007__v01,0.99887783177798,2.99663349533394
truck_15,1000m_r006_c007__v01,1000m_r005_c007__v01,0.99887783177798,2.99663349533394
truck_15,1000m_r005_c007__v01,1000m_r004_c007__v03,0.998877831778375,2.99663349533513
truck_15,1000m_r004_c007__v03,1000m_r003_c007__v01,0.99887783177798,2.99663349533394
truck_15,1000m_r003_c007__v01,1000m_r002_c007__v02,0.99887783177798,2.99663349533394
truck_15,1000m_r002_c007__v02,1000m_r002_c008__v01,0.999040819255297,2.99712245776589
truck_15,1000m_r002_c008__v01,1000m_r001_c008__v02,0.99887783177798,2.99663349533394
truck_15,1000m_r001_c008__v02,1000m_r001_c008__v01,0,0
truck_15,1000m_r001_c008__v01,1000m_r002_c009__v01,1.41276478259562,4.23829434778686
truck_15,1000m_r002_c009__v01,1000m_r003_c009__v01,0.99887783177798,2.99663349533394
truck_15,1000m_r003_c009__v01,1000m_r004_c009__v01,0.99887783177798,2.99663349533394
truck_15,1000m_r004_c009__v01,DEPOT,1.41262700755288,4.23788102265865
truck_16,DEPOT,1000m_r005_c007__v01,0.998845948647299,2.9965378459419
truck_16,1000m_r005_c007__v01,1000m_r005_c006__v01,0.99884594864584,2.99653784593752
truck_16,1000m_r005_c006__v01,1000m_r005_c005__v01,0.998845948647299,2.9965378459419
truck_16,1000m_r005_c005__v01,1000m_r005_c004__v02,0.998845948647299,2.9965378459419
truck_16,1000m_r005_c004__v02,1000m_r005_c005__v01,0.998845948647299,2.9965378459419
truck_16,1000m_r005_c005__v01,1000m_r004_c005__v01,0.998877831778375,2.99663349533513
truck_16,1000m_r004_c005__v01,1000m_r003_c005__v03,0.99887783177798,2.99663349533394
truck_16,1000m_r003_c005__v03,1000m_r004_c005__v02,0.99887783177798,2.99663349533394
truck_16,1000m_r004_c005__v02,1000m_r004_c005__v01,0,0
truck_16,1000m_r004_c005__v01,1000m_r005_c005__v01,0.998877831778375,2.99663349533513
truck_16,1000m_r005_c005__v01,1000m_r005_c006__v01,0.998845948647299,2.9965378459419
truck_16,1000m_r005_c006__v01,1000m_r006_c006__v01,0.99887783177798,2.99663349533394
truck_16,1000m_r006_c006__v01,1000m_r006_c007__v01,0.998780942668119,2.99634282800436
truck_16,1000m_r006_c007__v01,1000m_r005_c007__v01,0.99887783177798,2.99663349533394
truck_16,1000m_r005_c007__v01,1000m_r005_c007__v03,0,0
truck_16,1000m_r005_c007__v03,1000m_r005_c007__v01,0,0
truck_16,1000m_r005_c007__v01,1000m_r006_c007__v01,0.99887783177798,2.99663349533394
truck_16,1000m_r006_c007__v01,1000m_r006_c008__v01,0.998780942669578,2.99634282800873
truck_16,1000m_r006_c008__v01,1000m_r006_c009__v02,0.998780942669578,2.99634282800873
truck_16,1000m_r006_c009__v02,1000m_r006_c009__v01,0,0
truck_16,1000m_r006_c009__v01,1000m_r007_c009__v03,0.99887783177798,2.99663349533394
truck_16,1000m_r007_c009__v03,1000m_r007_c008__v01,0.998715912140326,2.99614773642098
truck_16,1000m_r007_c008__v01,1000m_r007_c007__v01,0.998715912140326,2.99614773642098
truck_16,1000m_r007_c007__v01,1000m_r006_c007__v01,0.99887783177798,2.99663349533394
truck_16,1000m_r006_c007__v01,1000m_r005_c007__v01,0.99887783177798,2.99663349533394
truck_16,1000m_r005_c007__v01,DEPOT,0.998845948647299,2.9965378459419
truck_17,DEPOT,1000m_r005_c007__v01,0.998845948647299,2.9965378459419
truck_17,1000m_r005_c007__v01,1000m_r004_c007__v01,0.998877831778375,2.99663349533513
truck_17,1000m_r004_c007__v01,1000m_r003_c007__v01,0.99887783177798,2.99663349533394
truck_17,1000m_r003_c007__v01,1000m_r002_c007__v01,0.99887783177798,2.99663349533394
truck_17,1000m_r002_c007__v01,1000m_r001_c007__v01,0.99887783177798,2.99663349533394
truck_17,1000m_r001_c007__v01,1000m_r001_c006__v01,0.999105727009459,2.99731718102838
truck_17,1000m_r001_c006__v01,1000m_r001_c006__v02,0,0
truck_17,1000m_r001_c006__v02,1000m_r001_c006__v01,0,0
truck_17,1000m_r001_c006__v01,1000m_r001_c007__v01,0.999105727009459,2.99731718102838
truck_17,1000m_r001_c007__v01,1000m_r002_c007__v01,0.99887783177798,2.99663349533394
truck_17,1000m_r002_c007__v01,1000m_r003_c007__v01,0.99887783177798,2.99663349533394
truck_17,1000m_r003_c007__v01,1000m_r004_c007__v01,0.99887783177798,2.99663349533394
truck_17,1000m_r004_c007__v01,1000m_r005_c007__v01,0.998877831778375,2.99663349533513
truck_17,1000m_r005_c007__v01,1000m_r005_c006__v01,0.99884594864584,2.99653784593752
truck_17,1000m_r005_c006__v01,1000m_r005_c005__v01,0.998845948647299,2.9965378459419
truck_17,1000m_r005_c005__v01,1000m_r004_c005__v01,0.998877831778375,2.99663349533513
truck_17,1000m_r004_c005__v01,1000m_r003_c005__v01,0.99887783177798,2.99663349533394
truck_17,1000m_r003_c005__v01,1000m_r003_c005__v06,0,0
truck_17,1000m_r003_c005__v06,1000m_r003_c005__v01,0,0
truck_17,1000m_r003_c005__v01,1000m_r004_c005__v01,0.99887783177798,2.99663349533394
truck_17,1000m_r004_c005__v01,1000m_r005_c005__v01,0.998877831778375,2.99663349533513
truck_17,1000m_r005_c005__v01,1000m_r005_c006__v01,0.998845948647299,2.9965378459419
truck_17,1000m_r005_c006__v01,1000m_r005_c007__v01,0.99884594864584,2.99653784593752
truck_17,1000m_r005_c007__v01,1000m_r004_c007__v01,0.998877831778375,2.99663349533513
truck_17,1000m_r004_c007__v01,1000m_r003_c007__v01,0.99887783177798,2.99663349533394
truck_17,1000m_r003_c007__v01,1000m_r002_c007__v01,0.99887783177798,2.99663349533394
truck_17,1000m_r002_c007__v01,1000m_r001_c007__v01,0.99887783177798,2.99663349533394
truck_17,1000m_r001_c007__v01,1000m_r001_c006__v01,0.999105727009459,2.99731718102838
truck_17,1000m_r001_c006__v01,1000m_r001_c006__v03,0,0
truck_17,1000m_r001_c006__v03,1000m_r001_c006__v01,0,0
truck_17,1000m_r001_c006__v01,1000m_r001_c007__v01,0.999105727009459,2.99731718102838
truck_17,1000m_r001_c007__v01,1000m_r002_c007__v01,0.99887783177798,2.99663349533394
truck_17,1000m_r002_c007__v01,1000m_r003_c007__v01,0.99887783177798,2.99663349533394
truck_17,1000m_r003_c007__v01,1000m_r004_c007__v01,0.99887783177798,2.99663349533394
truck_17,1000m_r004_c007__v01,1000m_r005_c007__v01,0.998877831778375,2.99663349533513
truck_17,1000m_r005_c007__v01,1000m_r005_c006__v01,0.99884594864584,2.99653784593752
truck_17,1000m_r005_c006__v01,1000m_r005_c005__v01,0.998845948647299,2.9965378459419
truck_17,1000m_r005_c005__v01,1000m_r004_c005__v01,0.998877831778375,2.99663349533513
truck_17,1000m_r004_c005__v01,1000m_r003_c005__v01,0.99887783177798,2.99663349533394
truck_17,1000m_r003_c005__v01,1000m_r003_c005__v07,0,0
truck_17,1000m_r003_c005__v07,1000m_r003_c005__v01,0,0
truck_17,1000m_r003_c005__v01,1000m_r004_c005__v01,0.99887783177798,2.99663349533394
truck_17,1000m_r004_c005__v01,1000m_r005_c005__v01,0.998877831778375,2.99663349533513
truck_17,1000m_r005_c005__v01,1000m_r005_c006__v01,0.998845948647299,2.9965378459419
truck_17,1000m_r005_c006__v01,1000m_r005_c007__v01,0.99884594864584,2.99653784593752
truck_17,1000m_r005_c007__v01,DEPOT,0.998845948647299,2.9965378459419
truck_18,DEPOT,1000m_r005_c007__v01,0.998845948647299,2.9965378459419
truck_18,1000m_r005_c007__v01,1000m_r006_c007__v02,0.99887783177798,2.99663349533394
truck_18,1000m_r006_c007__v02,1000m_r006_c006__v01,0.998780942668119,2.99634282800436
truck_18,1000m_r006_c006__v01,1000m_r005_c006__v01,0.99887783177798,2.99663349533394
truck_18,1000m_r005_c006__v01,1000m_r005_c005__v01,0.998845948647299,2.9965378459419
truck_18,1000m_r005_c005__v01,1000m_r005_c004__v01,0.998845948647299,2.9965378459419
truck_18,1000m_r005_c004__v01,1000m_r005_c003__v01,0.998845948647299,2.9965378459419
truck_18,1000m_r005_c003__v01,1000m_r004_c002__v01,1.41262700755185,4.23788102265555
truck_18,1000m_r004_c002__v01,1000m_r005_c003__v01,1.41262700755185,4.23788102265555
truck_18,1000m_r005_c003__v01,1000m_r005_c004__v01,0.998845948647299,2.9965378459419
truck_18,1000m_r005_c004__v01,1000m_r005_c005__v01,0.998845948647299,2.9965378459419
truck_18,1000m_r005_c005__v01,1000m_r004_c005__v01,0.998877831778375,2.99663349533513
truck_18,1000m_r004_c005__v01,1000m_r003_c005__v02,0.99887783177798,2.99663349533394
truck_18,1000m_r003_c005__v02,1000m_r004_c005__v01,0.99887783177798,2.99663349533394
truck_18,1000m_r004_c005__v01,1000m_r005_c005__v01,0.998877831778375,2.99663349533513
truck_18,1000m_r005_c005__v01,1000m_r005_c004__v01,0.998845948647299,2.9965378459419
truck_18,1000m_r005_c004__v01,1000m_r006_c004__v01,0.99887783177798,2.99663349533394
truck_18,1000m_r006_c004__v01,1000m_r007_c004__v01,0.99887783177798,2.99663349533394
truck_18,1000m_r007_c004__v01,1000m_r008_c005__v01,1.41248908970057,4.23746726910172
truck_18,1000m_r008_c005__v01,1000m_r009_c006__v01,1.41244308536176,4.23732925608527
truck_18,1000m_r009_c006__v01,1000m_r009_c007__v01,0.998585777432163,2.99575733229649
truck_18,1000m_r009_c007__v01,1000m_r008_c007__v01,0.99887783177798,2.99663349533394
truck_18,1000m_r008_c007__v01,1000m_r007_c007__v01,0.99887783177798,2.99663349533394
truck_18,1000m_r007_c007__v01,1000m_r006_c007__v01,0.99887783177798,2.99663349533394
truck_18,1000m_r006_c007__v01,1000m_r005_c007__v01,0.99887783177798,2.99663349533394
truck_18,1000m_r005_c007__v01,DEPOT,0.998845948647299,2.9965378459419
truck_19,DEPOT,1000m_r005_c008__v03,0,0
truck_19,1000m_r005_c008__v03,1000m_r005_c007__v01,0.998845948647299,3.329486495491
truck_19,1000m_r005_c007__v01,1000m_r005_c006__v01,0.99884594864584,3.32948649548613
truck_19,1000m_r005_c006__v01,1000m_r005_c005__v01,0.998845948647299,3.329486495491
truck_19,1000m_r005_c005__v01,1000m_r005_c004__v01,0.998845948647299,3.329486495491
truck_19,1000m_r005_c004__v01,1000m_r005_c003__v01,0.998845948647299,3.329486495491
truck_19,1000m_r005_c003__v01,1000m_r004_c002__v02,1.41262700755185,4.7087566918395
truck_19,1000m_r004_c002__v02,1000m_r004_c003__v01,0.998910930070431,3.32970310023477
truck_19,1000m_r004_c003__v01,1000m_r004_c004__v01,0.998910930071891,3.32970310023964
truck_19,1000m_r004_c004__v01,1000m_r003_c004__v01,0.99887783177798,3.32959277259327
truck_19,1000m_r003_c004__v01,1000m_r004_c004__v01,0.99887783177798,3.32959277259327
truck_19,1000m_r004_c004__v01,1000m_r005_c004__v04,0.998877831778375,3.32959277259458
truck_19,1000m_r005_c004__v04,1000m_r005_c005__v01,0.998845948647299,3.329486495491
truck_19,1000m_r005_c005__v01,1000m_r005_c006__v01,0.998845948647299,3.329486495491
truck_19,1000m_r005_c006__v01,1000m_r005_c007__v01,0.99884594864584,3.32948649548613
truck_19,1000m_r005_c007__v01,DEPOT,0.998845948647299,3.329486495491
truck_19,DEPOT,1000m_r005_c009__v02,0.998845948647299,3.329486495491
truck_19,1000m_r005_c009__v02,DEPOT,0.998845948647299,3.329486495491
truck_20,DEPOT,1000m_r005_c007__v01,0.998845948647299,3.329486495491
truck_20,1000m_r005_c007__v01,1000m_r004_c007__v02,0.998877831778375,3.32959277259458
truck_20,1000m_r004_c007__v02,1000m_r003_c007__v01,0.99887783177798,3.32959277259327
truck_20,1000m_r003_c007__v01,1000m_r002_c007__v01,0.99887783177798,3.32959277259327
truck_20,1000m_r002_c007__v01,1000m_r001_c007__v01,0.99887783177798,3.32959277259327
truck_20,1000m_r001_c007__v01,1000m_r002_c007__v03,0.99887783177798,3.32959277259327
truck_20,1000m_r002_c007__v03,1000m_r001_c007__v01,0.99887783177798,3.32959277259327
truck_20,1000m_r001_c007__v01,1000m_r001_c006__v01,0.999105727009459,3.33035242336486
truck_20,1000m_r001_c006__v01,1000m_r001_c006__v05,0,0
truck_20,1000m_r001_c006__v05,1000m_r001_c006__v01,0,0
truck_20,1000m_r001_c006__v01,1000m_r001_c007__v01,0.999105727009459,3.33035242336486
truck_20,1000m_r001_c007__v01,1000m_r001_c008__v01,0.999105727010919,3.33035242336973
truck_20,1000m_r001_c008__v01,1000m_r002_c009__v01,1.41276478259562,4.7092159419854
truck_20,1000m_r002_c009__v01,1000m_r003_c009__v01,0.99887783177798,3.32959277259327
truck_20,1000m_r003_c009__v01,1000m_r004_c010__v01,1.41267294843754,4.70890982812513
truck_20,1000m_r004_c010__v01,1000m_r005_c011__v01,1.41262700755288,4.70875669184294
truck_20,1000m_r005_c011__v01,1000m_r006_c011__v01,0.99887783177798,3.32959277259327
truck_20,1000m_r006_c011__v01,1000m_r007_c011__v01,0.99887783177798,3.32959277259327
truck_20,1000m_r007_c011__v01,1000m_r008_c012__v01,1.41248908970057,4.70829696566857
truck_20,1000m_r008_c012__v01,1000m_r008_c013__v03,0.998650857059682,3.32883619019894
truck_20,1000m_r008_c013__v03,1000m_r008_c012__v01,0.998650857059682,3.32883619019894
truck_20,1000m_r008_c012__v01,1000m_r008_c011__v01,0.998650857061141,3.3288361902038
truck_20,1000m_r008_c011__v01,1000m_r007_c010__v01,1.41248908970057,4.70829696566857
truck_20,1000m_r007_c010__v01,1000m_r006_c010__v01,0.99887783177798,3.32959277259327
truck_20,1000m_r006_c010__v01,1000m_r005_c010__v01,0.99887783177798,3.32959277259327
truck_20,1000m_r005_c010__v01,1000m_r005_c009__v01,0.99884594864584,3.32948649548613
truck_20,1000m_r005_c009__v01,DEPOT,0.998845948647299,3.329486495491
