grid_id,shortage_bikes,unmet_bikes,served_bikes,surplus_bikes
200m_r006_c038__v01,0,0,0,11
200m_r006_c040__v01,0,0,0,9
200m_r007_c035__v01,0,0,0,4
200m_r007_c036__v01,0,0,0,19
200m_r007_c037__v01,0,0,0,4
200m_r007_c038__v01,0,0,0,4
200m_r007_c039__v01,0,0,0,13
200m_r007_c040__v01,0,0,0,7
200m_r008_c032__v01,0,0,0,19
200m_r008_c033__v01,0,0,0,17
200m_r008_c034__v01,0,0,0,13
200m_r008_c035__v01,0,0,0,4
200m_r008_c038__v01,8,0,8,0
200m_r008_c039__v01,0,0,0,8
200m_r008_c040__v01,0,0,0,13
200m_r009_c031__v01,0,0,0,5
200m_r009_c032__v01,0,0,0,13
200m_r009_c033__v01,0,0,0,19
200m_r009_c033__v02,0,0,0,18
200m_r009_c034__v01,0,0,0,11
200m_r009_c034__v02,0,0,0,11
200m_r009_c035__v01,0,0,0,10
200m_r009_c036__v01,10,0,10,0
200m_r009_c037__v01,8,0,8,0
200m_r009_c038__v01,6,6,0,0
200m_r009_c040__v01,0,0,0,6
200m_r009_c041__v01,0,0,0,11
200m_r010_c033__v01,0,0,0,17
200m_r010_c033__v02,0,0,0,16
200m_r010_c033__v03,0,0,0,16
200m_r010_c033__v04,0,0,0,16
200m_r010_c034__v01,0,0,0,17
200m_r010_c035__v01,5,5,0,0
200m_r010_c037__v01,4,4,0,0
200m_r010_c039__v01,4,4,0,0
200m_r011_c037__v01,3,3,0,0
200m_r011_c041__v01,4,4,0,0
200m_r012_c035__v01,3,3,0,0
200m_r013_c034__v01,6,6,0,0
200m_r013_c042__v01,4,4,0,0
200m_r014_c030__v01,4,4,0,0
200m_r014_c031__v01,4,4,0,0
200m_r014_c033__v01,4,4,0,0
200m_r014_c034__v01,4,4,0,0
200m_r014_c036__v01,17,0,17,0
200m_r014_c040__v01,0,0,0,8
200m_r014_c043__v01,3,3,0,0
200m_r014_c045__v01,20,1,19,0
200m_r014_c045__v02,20,1,19,0
200m_r015_c030__v01,8,0,8,0
200m_r015_c031__v01,4,4,0,0
200m_r015_c032__v01,4,4,0,0
200m_r015_c034__v01,4,4,0,0
200m_r015_c041__v01,7,0,7,0
200m_r015_c044__v01,5,5,0,0
200m_r016_c025__v01,6,6,0,0
200m_r016_c027__v01,19,0,19,0
200m_r016_c027__v02,18,0,18,0
200m_r016_c027__v03,18,0,18,0
200m_r016_c028__v01,13,0,13,0
200m_r016_c029__v01,17,0,17,0
200m_r016_c030__v01,9,0,9,0
200m_r016_c031__v01,9,0,9,0
200m_r016_c033__v01,5,5,0,0
200m_r016_c034__v01,3,3,0,0
200m_r016_c037__v01,0,0,0,3
200m_r016_c039__v01,0,0,0,3
200m_r016_c042__v01,3,3,0,0
200m_r016_c043__v01,0,0,0,3
200m_r017_c024__v01,6,6,0,0
200m_r017_c025__v01,7,0,7,0
200m_r017_c026__v01,4,4,0,0
200m_r017_c028__v01,11,0,11,0
200m_r017_c028__v02,10,0,10,0
200m_r017_c029__v01,0,0,0,8
200m_r017_c031__v01,17,0,17,0
200m_r017_c032__v01,16,0,16,0
200m_r017_c034__v01,15,1,14,0
200m_r017_c035__v01,8,0,8,0
200m_r017_c041__v01,3,3,0,0
200m_r017_c048__v01,3,3,0,0
200m_r017_c049__v01,0,0,0,3
200m_r018_c007__v01,4,4,0,0
200m_r018_c024__v01,5,5,0,0
200m_r018_c029__v01,0,0,0,17
200m_r018_c032__v01,4,4,0,0
200m_r018_c034__v01,8,0,8,0
200m_r018_c035__v01,5,5,0,0
200m_r018_c036__v01,6,6,0,0
200m_r018_c037__v01,0,0,0,10
200m_r018_c038__v01,0,0,0,3
200m_r018_c039__v01,3,3,0,0
200m_r018_c040__v01,6,6,0,0
200m_r018_c043__v01,0,0,0,6
200m_r018_c045__v01,3,3,0,0
200m_r018_c049__v01,0,0,0,4
200m_r019_c001__v01,0,0,0,5
200m_r019_c022__v01,5,5,0,0
200m_r019_c027__v01,19,0,19,0
200m_r019_c028__v01,10,0,10,0
200m_r019_c029__v01,0,0,0,4
200m_r019_c030__v01,13,0,13,0
200m_r019_c031__v01,0,0,0,4
200m_r019_c033__v01,4,4,0,0
200m_r019_c034__v01,16,0,16,0
200m_r019_c034__v02,16,0,16,0
200m_r019_c035__v01,4,4,0,0
200m_r019_c038__v01,0,0,0,10
200m_r019_c039__v01,14,0,14,0
200m_r019_c043__v01,0,0,0,4
200m_r019_c044__v01,0,0,0,4
200m_r020_c008__v01,0,0,0,3
200m_r020_c021__v01,5,5,0,0
200m_r020_c024__v01,19,0,19,0
200m_r020_c025__v01,4,4,0,0
200m_r020_c030__v01,0,0,0,4
200m_r020_c031__v01,0,0,0,17
200m_r020_c032__v01,0,0,0,11
200m_r020_c033__v01,11,0,11,0
200m_r020_c034__v01,4,4,0,0
200m_r020_c035__v01,0,0,0,3
200m_r020_c036__v01,6,0,6,0
200m_r020_c038__v01,8,0,8,0
200m_r020_c042__v01,6,0,6,0
200m_r020_c043__v01,8,0,8,0
200m_r020_c044__v01,7,0,7,0
200m_r021_c009__v01,0,0,0,4
200m_r021_c022__v01,0,0,0,3
200m_r021_c024__v01,0,0,0,6
200m_r021_c026__v01,4,4,0,0
200m_r021_c027__v01,3,3,0,0
200m_r021_c029__v01,0,0,0,3
200m_r021_c031__v01,8,0,8,0
200m_r021_c032__v01,17,0,17,0
200m_r021_c033__v01,9,0,9,0
200m_r021_c035__v01,3,3,0,0
200m_r021_c036__v01,3,3,0,0
200m_r021_c041__v01,5,0,5,0
200m_r021_c043__v01,7,0,7,0
200m_r021_c046__v01,0,0,0,8
200m_r021_c050__v01,0,0,0,5
200m_r021_c051__v01,4,4,0,0
200m_r022_c021__v01,0,0,0,13
200m_r022_c026__v01,0,0,0,11
200m_r022_c026__v02,0,0,0,10
200m_r022_c034__v01,16,0,16,0
200m_r022_c035__v01,4,4,0,0
200m_r022_c036__v01,4,4,0,0
200m_r022_c038__v01,0,0,0,4
200m_r022_c042__v01,0,0,0,4
200m_r022_c043__v01,0,0,0,6
200m_r022_c045__v01,0,0,0,13
200m_r022_c046__v01,5,0,5,0
200m_r022_c051__v01,4,4,0,0
200m_r022_c052__v01,6,6,0,0
200m_r023_c008__v01,14,0,14,0
200m_r023_c008__v02,13,0,13,0
200m_r023_c014__v01,18,0,18,0
200m_r023_c015__v01,0,0,0,3
200m_r023_c023__v01,0,0,0,3
200m_r023_c024__v01,0,0,0,3
200m_r023_c026__v01,0,0,0,11
200m_r023_c027__v01,0,0,0,4
200m_r023_c034__v01,3,3,0,0
200m_r023_c038__v01,0,0,0,12
200m_r023_c039__v01,0,0,0,12
200m_r023_c039__v02,0,0,0,11
200m_r023_c042__v01,4,0,4,0
200m_r023_c043__v01,0,0,0,10
200m_r023_c044__v01,0,0,0,5
200m_r023_c049__v01,0,0,0,4
200m_r023_c050__v01,5,5,0,0
200m_r023_c051__v01,4,4,0,0
200m_r023_c071__v01,0,0,0,6
200m_r024_c013__v01,5,5,0,0
200m_r024_c015__v01,0,0,0,4
200m_r024_c016__v01,9,0,9,0
200m_r024_c017__v01,0,0,0,9
200m_r024_c020__v01,0,0,0,6
200m_r024_c023__v01,4,4,0,0
200m_r024_c024__v01,4,4,0,0
200m_r024_c025__v01,0,0,0,3
200m_r024_c026__v01,0,0,0,12
200m_r024_c036__v01,0,0,0,6
200m_r024_c037__v01,0,0,0,14
200m_r024_c038__v01,0,0,0,10
200m_r024_c039__v01,0,0,0,10
200m_r024_c040__v01,0,0,0,19
200m_r024_c041__v01,11,0,11,0
200m_r024_c043__v01,0,0,0,6
200m_r024_c045__v01,3,2,1,0
200m_r024_c047__v01,6,0,6,0
200m_r024_c057__v01,3,3,0,0
200m_r024_c067__v01,6,6,0,0
200m_r024_c068__v01,8,0,8,0
200m_r024_c071__v01,3,3,0,0
200m_r025_c006__v01,7,7,0,0
200m_r025_c007__v01,0,0,0,5
200m_r025_c019__v01,0,0,0,3
200m_r025_c020__v01,0,0,0,11
200m_r025_c020__v02,0,0,0,11
200m_r025_c021__v01,0,0,0,18
200m_r025_c022__v01,0,0,0,7
200m_r025_c025__v01,3,3,0,0
200m_r025_c036__v01,0,0,0,12
200m_r025_c037__v01,0,0,0,9
200m_r025_c038__v01,0,0,0,10
200m_r025_c039__v01,0,0,0,9
200m_r025_c040__v01,0,0,0,4
200m_r025_c042__v01,0,0,0,12
200m_r025_c044__v01,8,0,8,0
200m_r025_c045__v01,6,0,6,0
200m_r025_c046__v01,3,3,0,0
200m_r025_c047__v01,9,0,9,0
200m_r025_c048__v01,3,3,0,0
200m_r025_c050__v01,5,5,0,0
200m_r025_c065__v01,0,0,0,3
200m_r025_c066__v01,0,0,0,3
200m_r025_c070__v01,5,5,0,0
200m_r025_c074__v01,5,5,0,0
200m_r026_c008__v01,0,0,0,6
200m_r026_c009__v01,0,0,0,6
200m_r026_c019__v01,5,5,0,0
200m_r026_c021__v01,0,0,0,10
200m_r026_c022__v01,0,0,0,5
200m_r026_c023__v01,0,0,0,10
200m_r026_c024__v01,0,0,0,3
200m_r026_c025__v01,0,0,0,3
200m_r026_c026__v01,0,0,0,3
200m_r026_c036__v01,0,0,0,12
200m_r026_c037__v01,0,0,0,16
200m_r026_c038__v01,0,0,0,7
200m_r026_c039__v01,0,0,0,8
200m_r026_c040__v01,0,0,0,4
200m_r026_c047__v01,11,0,11,0
200m_r026_c049__v01,3,3,0,0
200m_r026_c051__v01,0,0,0,3
200m_r026_c054__v01,4,4,0,0
200m_r026_c061__v01,3,3,0,0
200m_r026_c062__v01,5,5,0,0
200m_r026_c063__v01,5,5,0,0
200m_r026_c067__v01,0,0,0,3
200m_r026_c068__v01,0,0,0,5
200m_r026_c069__v01,0,0,0,3
200m_r026_c070__v01,0,0,0,4
200m_r026_c071__v01,0,0,0,9
200m_r026_c073__v01,6,6,0,0
200m_r027_c007__v01,0,0,0,3
200m_r027_c019__v01,17,0,17,0
200m_r027_c030__v01,3,3,0,0
200m_r027_c033__v01,0,0,0,8
200m_r027_c036__v01,0,0,0,8
200m_r027_c038__v01,0,0,0,6
200m_r027_c043__v01,0,0,0,5
200m_r027_c046__v01,4,4,0,0
200m_r027_c047__v01,0,0,0,4
200m_r027_c051__v01,0,0,0,3
200m_r027_c052__v01,0,0,0,3
200m_r027_c053__v01,0,0,0,3
200m_r027_c059__v01,0,0,0,7
200m_r027_c061__v01,10,0,10,0
200m_r027_c068__v01,0,0,0,4
200m_r027_c069__v01,0,0,0,5
200m_r027_c071__v01,0,0,0,9
200m_r027_c075__v01,0,0,0,3
200m_r028_c008__v01,0,0,0,10
200m_r028_c009__v01,0,0,0,16
200m_r028_c019__v01,6,6,0,0
200m_r028_c020__v01,5,5,0,0
200m_r028_c032__v01,0,0,0,4
200m_r028_c034__v01,3,3,0,0
200m_r028_c036__v01,0,0,0,11
200m_r028_c037__v01,0,0,0,4
200m_r028_c038__v01,7,0,7,0
200m_r028_c043__v01,0,0,0,10
200m_r028_c045__v01,4,0,4,0
200m_r028_c049__v01,0,0,0,3
200m_r028_c053__v01,0,0,0,4
200m_r028_c058__v01,0,0,0,3
200m_r028_c059__v01,0,0,0,9
200m_r028_c061__v01,0,0,0,6
200m_r028_c063__v01,0,0,0,4
200m_r028_c064__v01,5,5,0,0
200m_r028_c065__v01,0,0,0,11
200m_r028_c066__v01,4,4,0,0
200m_r028_c067__v01,0,0,0,4
200m_r028_c069__v01,0,0,0,4
200m_r028_c070__v01,0,0,0,7
200m_r028_c072__v01,0,0,0,3
200m_r028_c075__v01,0,0,0,4
200m_r029_c004__v01,5,5,0,0
200m_r029_c011__v01,3,3,0,0
200m_r029_c018__v01,4,4,0,0
200m_r029_c033__v01,5,5,0,0
200m_r029_c034__v01,0,0,0,3
200m_r029_c035__v01,3,3,0,0
200m_r029_c036__v01,0,0,0,4
200m_r029_c037__v01,0,0,0,8
200m_r029_c038__v01,0,0,0,3
200m_r029_c042__v01,0,0,0,6
200m_r029_c043__v01,0,0,0,14
200m_r029_c044__v01,0,0,0,9
200m_r029_c045__v01,3,3,0,0
200m_r029_c046__v01,0,0,0,4
200m_r029_c053__v01,0,0,0,6
200m_r029_c062__v01,3,3,0,0
200m_r029_c064__v01,0,0,0,9
200m_r029_c065__v01,0,0,0,14
200m_r029_c066__v01,0,0,0,13
200m_r029_c066__v02,0,0,0,12
200m_r029_c067__v01,0,0,0,14
200m_r029_c068__v01,0,0,0,4
200m_r030_c003__v01,4,4,0,0
200m_r030_c004__v01,5,5,0,0
200m_r030_c013__v01,0,0,0,3
200m_r030_c016__v01,0,0,0,4
200m_r030_c017__v01,0,0,0,4
200m_r030_c034__v01,8,0,8,0
200m_r030_c038__v01,0,0,0,13
200m_r030_c039__v01,3,3,0,0
200m_r030_c040__v01,0,0,0,4
200m_r030_c046__v01,9,0,9,0
200m_r030_c047__v01,3,3,0,0
200m_r030_c048__v01,0,0,0,8
200m_r030_c049__v01,8,0,8,0
200m_r030_c052__v01,0,0,0,3
200m_r030_c056__v01,3,3,0,0
200m_r030_c057__v01,4,4,0,0
200m_r030_c058__v01,0,0,0,15
200m_r030_c059__v01,3,3,0,0
200m_r030_c064__v01,0,0,0,8
200m_r030_c067__v01,0,0,0,8
200m_r030_c068__v01,4,4,0,0
200m_r030_c069__v01,0,0,0,11
200m_r030_c071__v01,0,0,0,4
200m_r030_c073__v01,0,0,0,8
200m_r030_c074__v01,4,4,0,0
200m_r030_c075__v01,0,0,0,3
200m_r030_c076__v01,0,0,0,4
200m_r031_c003__v01,3,3,0,0
200m_r031_c017__v01,0,0,0,3
200m_r031_c018__v01,3,3,0,0
200m_r031_c034__v01,6,6,0,0
200m_r031_c035__v01,10,0,10,0
200m_r031_c038__v01,0,0,0,11
200m_r031_c039__v01,0,0,0,6
200m_r031_c042__v01,0,0,0,6
200m_r031_c059__v01,0,0,0,4
200m_r031_c064__v01,0,0,0,3
200m_r031_c066__v01,6,6,0,0
200m_r031_c071__v01,0,0,0,3
200m_r031_c073__v01,4,4,0,0
200m_r032_c031__v01,3,3,0,0
200m_r032_c033__v01,13,0,13,0
200m_r032_c034__v01,3,3,0,0
200m_r032_c035__v01,0,0,0,6
200m_r032_c040__v01,0,0,0,7
200m_r032_c041__v01,4,4,0,0
200m_r032_c042__v01,0,0,0,3
200m_r032_c043__v01,0,0,0,3
200m_r032_c044__v01,15,0,15,0
200m_r032_c045__v01,17,0,17,0
200m_r032_c045__v02,16,0,16,0
200m_r032_c046__v01,9,0,9,0
200m_r032_c056__v01,3,3,0,0
200m_r032_c058__v01,0,0,0,6
200m_r032_c059__v01,0,0,0,3
200m_r032_c062__v01,0,0,0,4
200m_r032_c063__v01,0,0,0,5
200m_r032_c066__v01,5,5,0,0
200m_r032_c068__v01,14,0,14,0
200m_r032_c068__v02,13,0,13,0
200m_r032_c072__v01,3,3,0,0
200m_r033_c000__v01,0,0,0,18
200m_r033_c017__v01,5,5,0,0
200m_r033_c045__v01,13,0,13,0
200m_r033_c045__v02,12,0,12,0
200m_r033_c054__v01,3,3,0,0
200m_r033_c064__v01,8,0,8,0
200m_r033_c067__v01,7,0,7,0
200m_r033_c068__v01,7,7,0,0
200m_r033_c069__v01,3,3,0,0
200m_r033_c075__v01,3,3,0,0
200m_r033_c076__v01,11,0,11,0
200m_r034_c000__v01,0,0,0,3
200m_r034_c023__v01,0,0,0,3
200m_r034_c030__v01,0,0,0,3
200m_r034_c033__v01,0,0,0,5
200m_r034_c035__v01,0,0,0,3
200m_r034_c046__v01,9,0,9,0
200m_r034_c056__v01,6,6,0,0
200m_r034_c061__v01,5,5,0,0
200m_r034_c062__v01,3,3,0,0
200m_r034_c067__v01,5,5,0,0
200m_r034_c068__v01,6,6,0,0
200m_r034_c069__v01,3,3,0,0
200m_r034_c076__v01,4,4,0,0
200m_r035_c020__v01,4,4,0,0
200m_r035_c029__v01,4,4,0,0
200m_r035_c030__v01,0,0,0,3
200m_r035_c031__v01,4,4,0,0
200m_r035_c032__v01,5,5,0,0
200m_r035_c033__v01,0,0,0,3
200m_r035_c035__v01,0,0,0,3
200m_r035_c055__v01,3,3,0,0
200m_r035_c059__v01,3,3,0,0
200m_r035_c060__v01,3,3,0,0
200m_r035_c061__v01,4,4,0,0
200m_r035_c063__v01,6,6,0,0
200m_r035_c064__v01,4,4,0,0
200m_r035_c065__v01,0,0,0,4
200m_r035_c066__v01,4,4,0,0
200m_r035_c067__v01,7,0,7,0
200m_r035_c068__v01,11,0,11,0
200m_r036_c001__v01,0,0,0,3
200m_r036_c032__v01,0,0,0,4
200m_r036_c033__v01,6,6,0,0
200m_r036_c045__v01,0,0,0,17
200m_r036_c046__v01,0,0,0,14
200m_r036_c047__v01,0,0,0,12
200m_r036_c047__v02,0,0,0,11
200m_r036_c053__v01,0,0,0,3
200m_r036_c061__v01,3,3,0,0
200m_r036_c063__v01,10,0,10,0
200m_r036_c064__v01,6,6,0,0
200m_r036_c065__v01,0,0,0,5
200m_r036_c066__v01,0,0,0,12
200m_r036_c067__v01,0,0,0,7
200m_r037_c021__v01,4,4,0,0
200m_r037_c031__v01,13,0,13,0
200m_r037_c032__v01,5,5,0,0
200m_r037_c033__v01,5,5,0,0
200m_r037_c037__v01,9,0,9,0
200m_r037_c047__v01,0,0,0,14
200m_r037_c060__v01,0,0,0,5
200m_r037_c062__v01,4,4,0,0
200m_r037_c065__v01,0,0,0,7
200m_r037_c067__v01,3,3,0,0
200m_r037_c068__v01,0,0,0,4
200m_r037_c069__v01,4,4,0,0
200m_r037_c074__v01,0,0,0,4
200m_r037_c076__v01,0,0,0,4
200m_r038_c001__v01,9,0,9,0
200m_r038_c002__v01,4,4,0,0
200m_r038_c025__v01,0,0,0,6
200m_r038_c029__v01,0,0,0,5
200m_r038_c030__v01,4,4,0,0
200m_r038_c034__v01,0,0,0,4
200m_r038_c037__v01,3,3,0,0
200m_r038_c043__v01,0,0,0,5
200m_r038_c058__v01,3,3,0,0
200m_r038_c060__v01,0,0,0,3
200m_r038_c062__v01,3,3,0,0
200m_r038_c064__v01,0,0,0,5
200m_r038_c065__v01,0,0,0,12
200m_r038_c065__v02,0,0,0,11
200m_r038_c066__v01,0,0,0,7
200m_r038_c067__v01,5,5,0,0
200m_r038_c068__v01,4,4,0,0
200m_r038_c074__v01,0,0,0,3
200m_r038_c076__v01,7,7,0,0
200m_r038_c077__v01,3,3,0,0
200m_r039_c000__v01,4,4,0,0
200m_r039_c029__v01,8,0,8,0
200m_r039_c040__v01,10,0,10,0
200m_r039_c044__v01,5,5,0,0
200m_r039_c045__v01,4,4,0,0
200m_r039_c059__v01,0,0,0,4
200m_r039_c063__v01,3,3,0,0
200m_r039_c064__v01,0,0,0,4
200m_r039_c065__v01,0,0,0,11
200m_r039_c065__v02,0,0,0,10
200m_r039_c066__v01,0,0,0,19
200m_r039_c070__v01,8,0,8,0
200m_r039_c072__v01,7,7,0,0
200m_r040_c029__v01,0,0,0,7
200m_r040_c031__v01,5,5,0,0
200m_r040_c032__v01,3,3,0,0
200m_r040_c037__v01,0,0,0,4
200m_r040_c040__v01,3,3,0,0
200m_r040_c059__v01,4,4,0,0
200m_r040_c060__v01,0,0,0,4
200m_r040_c061__v01,0,0,0,5
200m_r040_c063__v01,0,0,0,6
200m_r040_c064__v01,6,6,0,0
200m_r040_c065__v01,0,0,0,9
200m_r040_c066__v01,0,0,0,6
200m_r040_c067__v01,0,0,0,5
200m_r040_c073__v01,5,5,0,0
200m_r040_c074__v01,3,3,0,0
200m_r041_c030__v01,0,0,0,4
200m_r041_c031__v01,0,0,0,3
200m_r041_c033__v01,3,3,0,0
200m_r041_c036__v01,4,4,0,0
200m_r041_c037__v01,0,0,0,7
200m_r041_c039__v01,12,0,12,0
200m_r041_c045__v01,0,0,0,4
200m_r041_c046__v01,0,0,0,3
200m_r041_c048__v01,3,3,0,0
200m_r041_c059__v01,0,0,0,3
200m_r041_c061__v01,0,0,0,4
200m_r041_c066__v01,7,0,7,0
200m_r041_c067__v01,4,4,0,0
200m_r041_c068__v01,11,0,11,0
200m_r041_c068__v02,11,0,11,0
200m_r041_c069__v01,8,0,8,0
200m_r041_c072__v01,0,0,0,6
200m_r042_c026__v01,4,4,0,0
200m_r042_c031__v01,0,0,0,4
200m_r042_c032__v01,7,7,0,0
200m_r042_c033__v01,7,0,7,0
200m_r042_c036__v01,3,3,0,0
200m_r042_c037__v01,6,6,0,0
200m_r042_c038__v01,4,4,0,0
200m_r042_c061__v01,3,3,0,0
200m_r042_c062__v01,3,3,0,0
200m_r042_c067__v01,3,3,0,0
200m_r042_c068__v01,12,0,12,0
200m_r042_c073__v01,8,0,8,0
200m_r043_c029__v01,4,4,0,0
200m_r043_c031__v01,3,3,0,0
200m_r043_c040__v01,0,0,0,4
200m_r043_c044__v01,9,0,9,0
200m_r043_c045__v01,3,3,0,0
200m_r043_c047__v01,11,0,11,0
200m_r043_c056__v01,4,4,0,0
200m_r043_c065__v01,8,0,8,0
200m_r043_c066__v01,0,0,0,4
200m_r043_c068__v01,7,7,0,0
200m_r043_c073__v01,4,4,0,0
200m_r043_c077__v01,6,6,0,0
200m_r044_c040__v01,16,1,15,0
200m_r044_c042__v01,0,0,0,3
200m_r044_c043__v01,0,0,0,4
200m_r044_c046__v01,6,6,0,0
200m_r044_c063__v01,3,3,0,0
200m_r044_c065__v01,13,0,13,0
200m_r044_c066__v01,5,5,0,0
200m_r044_c069__v01,7,7,0,0
200m_r044_c075__v01,0,0,0,6
200m_r044_c076__v01,0,0,0,9
200m_r045_c032__v01,0,0,0,15
200m_r045_c041__v01,0,0,0,11
200m_r045_c066__v01,8,8,0,0
200m_r045_c073__v01,0,0,0,3
200m_r045_c074__v01,0,0,0,4
200m_r045_c075__v01,0,0,0,3
200m_r045_c076__v01,0,0,0,7
200m_r046_c040__v01,0,0,0,5
200m_r046_c073__v01,0,0,0,13
200m_r046_c074__v01,0,0,0,5
200m_r047_c040__v01,0,0,0,5
200m_r047_c072__v01,3,3,0,0
200m_r047_c074__v01,4,4,0,0
200m_r047_c076__v01,4,4,0,0
200m_r048_c039__v01,0,0,0,8
200m_r049_c067__v01,0,0,0,7
200m_r049_c070__v01,0,0,0,3
200m_r049_c071__v01,3,3,0,0
